类别,名称或地点,本地文件,宽,高,来源类型,来源网页,原图链接,说明
官方主视觉,发行商新闻稿主视觉,01-official-key-visuals/147227-52-c5bdbf1106f897feb797bd4ecac978b8-1920x1080.png,1920,1080,VISUAL ARTS 官方新闻稿,https://prtimes.jp/main/html/rd/p/000000052.000147227.html,https://prcdn.freetls.fastly.net/release_image/147227/52/147227-52-c5bdbf1106f897feb797bd4ecac978b8-1920x1080.png,
官方主视觉,发行商新闻稿故事场景,01-official-key-visuals/147227-52-b676fd040d578cac3eeecdc8f8615154-1920x1080.png,1920,1080,VISUAL ARTS 官方新闻稿,https://prtimes.jp/main/html/rd/p/000000052.000147227.html,https://prcdn.freetls.fastly.net/release_image/147227/52/147227-52-b676fd040d578cac3eeecdc8f8615154-1920x1080.png,
官方主视觉,官网手机版主视觉,01-official-key-visuals/fv_main_bg_sp.jpg,800,1274,Key 官网,https://key.visualarts.gr.jp/anemoi/,https://key.visualarts.gr.jp/anemoi/common/image/fv_main_bg_sp.jpg?b,
官方主视觉,官网首页主视觉,01-official-key-visuals/fv_main_bg.jpg,1920,1080,Key 官网,https://key.visualarts.gr.jp/anemoi/common/css/base.css,https://key.visualarts.gr.jp/anemoi/common/image/fv_main_bg.jpg?b,
官方背景 CG,01 / 乡间道路,02-official-backgrounds/am_bg_1.jpg,1280,720,Key 官网,https://key.visualarts.gr.jp/anemoi/gallery.html,https://key.visualarts.gr.jp/anemoi/common/image/am_bg_1.jpg,
官方背景 CG,02 / 风来望 · 风车基座,02-official-backgrounds/am_bg_2.jpg,1280,720,Key 官网,https://key.visualarts.gr.jp/anemoi/gallery.html,https://key.visualarts.gr.jp/anemoi/common/image/am_bg_2.jpg,
官方背景 CG,03 / 酒吧内部,02-official-backgrounds/am_bg_3.jpg,1280,720,Key 官网,https://key.visualarts.gr.jp/anemoi/gallery.html,https://key.visualarts.gr.jp/anemoi/common/image/am_bg_3.jpg,
官方背景 CG,04 / 仓房与筒仓,02-official-backgrounds/am_bg_4.jpg,1280,720,Key 官网,https://key.visualarts.gr.jp/anemoi/gallery.html,https://key.visualarts.gr.jp/anemoi/common/image/am_bg_4.jpg,
官方背景 CG,05 / 风车仰视,02-official-backgrounds/am_bg_5.jpg,1280,720,Key 官网,https://key.visualarts.gr.jp/anemoi/gallery.html,https://key.visualarts.gr.jp/anemoi/common/image/am_bg_5.jpg,
官方背景 CG,06 / 初山别天文台 · 外观,02-official-backgrounds/am_bg_6.jpg,1280,720,Key 官网,https://key.visualarts.gr.jp/anemoi/gallery.html,https://key.visualarts.gr.jp/anemoi/common/image/am_bg_6.jpg,
官方背景 CG,07 / 苫前町乡土资料馆 · 外观,02-official-backgrounds/am_bg_7.jpg,1280,720,Key 官网,https://key.visualarts.gr.jp/anemoi/gallery.html,https://key.visualarts.gr.jp/anemoi/common/image/am_bg_7.jpg,
官方背景 CG,08 / 未来港公园 · 广场,02-official-backgrounds/am_bg_8.jpg,1280,720,Key 官网,https://key.visualarts.gr.jp/anemoi/gallery.html,https://key.visualarts.gr.jp/anemoi/common/image/am_bg_8.jpg,
官方背景 CG,09 / 羽幌 · 街口,02-official-backgrounds/am_bg_9.jpg,1280,720,Key 官网,https://key.visualarts.gr.jp/anemoi/gallery.html,https://key.visualarts.gr.jp/anemoi/common/image/am_bg_9.jpg,
官方背景 CG,10 / 诊疗所 · 内部,02-official-backgrounds/am_bg_10.jpg,1280,720,Key 官网,https://key.visualarts.gr.jp/anemoi/gallery.html,https://key.visualarts.gr.jp/anemoi/common/image/am_bg_10.jpg,
官方事件 CG,事件 CG 1,03-official-event-cg/am_g_1.jpg,1280,720,Key 官网,https://key.visualarts.gr.jp/anemoi/gallery.html,https://key.visualarts.gr.jp/anemoi/common/image/am_g_1.jpg,
官方事件 CG,事件 CG 10,03-official-event-cg/am_g_10.jpg,1280,720,Key 官网,https://key.visualarts.gr.jp/anemoi/gallery.html,https://key.visualarts.gr.jp/anemoi/common/image/am_g_10.jpg,
官方事件 CG,事件 CG 11,03-official-event-cg/am_g_11.jpg,1280,720,Key 官网,https://key.visualarts.gr.jp/anemoi/gallery.html,https://key.visualarts.gr.jp/anemoi/common/image/am_g_11.jpg,
官方事件 CG,事件 CG 12,03-official-event-cg/am_g_12.jpg,1280,720,Key 官网,https://key.visualarts.gr.jp/anemoi/gallery.html,https://key.visualarts.gr.jp/anemoi/common/image/am_g_12.jpg,
官方事件 CG,事件 CG 13,03-official-event-cg/am_g_13.jpg,1280,720,Key 官网,https://key.visualarts.gr.jp/anemoi/gallery.html,https://key.visualarts.gr.jp/anemoi/common/image/am_g_13.jpg,
官方事件 CG,事件 CG 14,03-official-event-cg/am_g_14.jpg,1280,720,Key 官网,https://key.visualarts.gr.jp/anemoi/gallery.html,https://key.visualarts.gr.jp/anemoi/common/image/am_g_14.jpg,
官方事件 CG,事件 CG 15,03-official-event-cg/am_g_15.jpg,1280,720,Key 官网,https://key.visualarts.gr.jp/anemoi/gallery.html,https://key.visualarts.gr.jp/anemoi/common/image/am_g_15.jpg,
官方事件 CG,事件 CG 16,03-official-event-cg/am_g_16.jpg,1280,720,Key 官网,https://key.visualarts.gr.jp/anemoi/gallery.html,https://key.visualarts.gr.jp/anemoi/common/image/am_g_16.jpg,
官方事件 CG,事件 CG 17,03-official-event-cg/am_g_17.jpg,1280,720,Key 官网,https://key.visualarts.gr.jp/anemoi/gallery.html,https://key.visualarts.gr.jp/anemoi/common/image/am_g_17.jpg,
官方事件 CG,事件 CG 18,03-official-event-cg/am_g_18.jpg,1280,720,Key 官网,https://key.visualarts.gr.jp/anemoi/gallery.html,https://key.visualarts.gr.jp/anemoi/common/image/am_g_18.jpg,
官方事件 CG,事件 CG 19,03-official-event-cg/am_g_19.jpg,1280,720,Key 官网,https://key.visualarts.gr.jp/anemoi/gallery.html,https://key.visualarts.gr.jp/anemoi/common/image/am_g_19.jpg,
官方事件 CG,事件 CG 2,03-official-event-cg/am_g_2.jpg,1280,720,Key 官网,https://key.visualarts.gr.jp/anemoi/gallery.html,https://key.visualarts.gr.jp/anemoi/common/image/am_g_2.jpg,
官方事件 CG,事件 CG 20,03-official-event-cg/am_g_20.jpg,1280,720,Key 官网,https://key.visualarts.gr.jp/anemoi/gallery.html,https://key.visualarts.gr.jp/anemoi/common/image/am_g_20.jpg,
官方事件 CG,事件 CG 21,03-official-event-cg/am_g_21.jpg,1280,720,Key 官网,https://key.visualarts.gr.jp/anemoi/gallery.html,https://key.visualarts.gr.jp/anemoi/common/image/am_g_21.jpg,
官方事件 CG,事件 CG 22,03-official-event-cg/am_g_22.jpg,1280,720,Key 官网,https://key.visualarts.gr.jp/anemoi/gallery.html,https://key.visualarts.gr.jp/anemoi/common/image/am_g_22.jpg,
官方事件 CG,事件 CG 23,03-official-event-cg/am_g_23.jpg,1280,720,Key 官网,https://key.visualarts.gr.jp/anemoi/gallery.html,https://key.visualarts.gr.jp/anemoi/common/image/am_g_23.jpg,
官方事件 CG,事件 CG 24,03-official-event-cg/am_g_24.jpg,1280,720,Key 官网,https://key.visualarts.gr.jp/anemoi/gallery.html,https://key.visualarts.gr.jp/anemoi/common/image/am_g_24.jpg,
官方事件 CG,事件 CG 3,03-official-event-cg/am_g_3.jpg,1280,720,Key 官网,https://key.visualarts.gr.jp/anemoi/gallery.html,https://key.visualarts.gr.jp/anemoi/common/image/am_g_3.jpg,
官方事件 CG,事件 CG 4,03-official-event-cg/am_g_4.jpg,1280,720,Key 官网,https://key.visualarts.gr.jp/anemoi/gallery.html,https://key.visualarts.gr.jp/anemoi/common/image/am_g_4.jpg,
官方事件 CG,事件 CG 5,03-official-event-cg/am_g_5.jpg,1280,720,Key 官网,https://key.visualarts.gr.jp/anemoi/gallery.html,https://key.visualarts.gr.jp/anemoi/common/image/am_g_5.jpg,
官方事件 CG,事件 CG 6,03-official-event-cg/am_g_6.jpg,1280,720,Key 官网,https://key.visualarts.gr.jp/anemoi/gallery.html,https://key.visualarts.gr.jp/anemoi/common/image/am_g_6.jpg,
官方事件 CG,事件 CG 7,03-official-event-cg/am_g_7.jpg,1280,720,Key 官网,https://key.visualarts.gr.jp/anemoi/gallery.html,https://key.visualarts.gr.jp/anemoi/common/image/am_g_7.jpg?a,
官方事件 CG,事件 CG 8,03-official-event-cg/am_g_8.jpg,1280,720,Key 官网,https://key.visualarts.gr.jp/anemoi/gallery.html,https://key.visualarts.gr.jp/anemoi/common/image/am_g_8.jpg?a,
官方事件 CG,事件 CG 9,03-official-event-cg/am_g_9.jpg,1280,720,Key 官网,https://key.visualarts.gr.jp/anemoi/gallery.html,https://key.visualarts.gr.jp/anemoi/common/image/am_g_9.jpg,
官方壁纸、头像与横幅,【メインビジュアル1】,04-official-sns/sns2_img6.jpg,1500,500,Key 官方配布,https://key.visualarts.gr.jp/anemoi/special.html,https://va-trialdist.azureedge.net/key/anemoi/sns_icon/sns2_img6.jpg,
官方壁纸、头像与横幅,【メインビジュアル2】,04-official-sns/sns2_img7.jpg,1500,500,Key 官方配布,https://key.visualarts.gr.jp/anemoi/special.html,https://va-trialdist.azureedge.net/key/anemoi/sns_icon/sns2_img7.jpg,
官方壁纸、头像与横幅,【淡雪陽彩】,04-official-sns/sns2_icon3.jpg,800,800,Key 官方配布,https://key.visualarts.gr.jp/anemoi/special.html,https://va-trialdist.azureedge.net/key/anemoi/sns_icon/sns2_icon3.jpg,
官方壁纸、头像与横幅,【淡雪陽彩】,04-official-sns/sns2_img3.jpg,1179,2556,Key 官方配布,https://key.visualarts.gr.jp/anemoi/special.html,https://va-trialdist.azureedge.net/key/anemoi/sns_icon/sns2_img3.jpg,
官方壁纸、头像与横幅,【淡雪陽彩】,04-official-sns/hiiro_sns_icon1.jpg,400,400,Key 官方配布,https://key.visualarts.gr.jp/anemoi/special.html,https://va-trialdist.azureedge.net/key/anemoi/sns_icon/hiiro_sns_icon1.jpg,
官方壁纸、头像与横幅,【白渡小詠】,04-official-sns/sns2_icon4.jpg,800,800,Key 官方配布,https://key.visualarts.gr.jp/anemoi/special.html,https://va-trialdist.azureedge.net/key/anemoi/sns_icon/sns2_icon4.jpg,
官方壁纸、头像与横幅,【白渡小詠】,04-official-sns/sns2_img4.jpg,1179,2556,Key 官方配布,https://key.visualarts.gr.jp/anemoi/special.html,https://va-trialdist.azureedge.net/key/anemoi/sns_icon/sns2_img4.jpg,
官方壁纸、头像与横幅,【白渡小詠】,04-official-sns/koyomi_sns_icon1.jpg,400,400,Key 官方配布,https://key.visualarts.gr.jp/anemoi/special.html,https://va-trialdist.azureedge.net/key/anemoi/sns_icon/koyomi_sns_icon1.jpg,
官方壁纸、头像与横幅,【総羽愛乃】,04-official-sns/sns2_icon2.jpg,800,800,Key 官方配布,https://key.visualarts.gr.jp/anemoi/special.html,https://va-trialdist.azureedge.net/key/anemoi/sns_icon/sns2_icon2.jpg,
官方壁纸、头像与横幅,【総羽愛乃】,04-official-sns/sns2_img2.jpg,1179,2556,Key 官方配布,https://key.visualarts.gr.jp/anemoi/special.html,https://va-trialdist.azureedge.net/key/anemoi/sns_icon/sns2_img2.jpg,
官方壁纸、头像与横幅,【総羽愛乃】,04-official-sns/aino_sns_icon1.jpg,400,400,Key 官方配布,https://key.visualarts.gr.jp/anemoi/special.html,https://va-trialdist.azureedge.net/key/anemoi/sns_icon/aino_sns_icon1.jpg,
官方壁纸、头像与横幅,【辻倉朱比華】,04-official-sns/sns2_img1.jpg,1179,2556,Key 官方配布,https://key.visualarts.gr.jp/anemoi/special.html,https://va-trialdist.azureedge.net/key/anemoi/sns_icon/sns2_img1.jpg,
官方壁纸、头像与横幅,【辻倉朱比華】,04-official-sns/sns2_icon1.jpg,800,800,Key 官方配布,https://key.visualarts.gr.jp/anemoi/special.html,https://va-trialdist.azureedge.net/key/anemoi/sns_icon/sns2_icon1.jpg,
官方壁纸、头像与横幅,【辻倉朱比華】,04-official-sns/spica_sns_icon1.jpg,400,400,Key 官方配布,https://key.visualarts.gr.jp/anemoi/special.html,https://va-trialdist.azureedge.net/key/anemoi/sns_icon/spica_sns_icon1.jpg,
官方壁纸、头像与横幅,【速川六花】,04-official-sns/sns2_icon5.jpg,800,800,Key 官方配布,https://key.visualarts.gr.jp/anemoi/special.html,https://va-trialdist.azureedge.net/key/anemoi/sns_icon/sns2_icon5.jpg,
官方壁纸、头像与横幅,【速川六花】,04-official-sns/sns2_img5.jpg,1179,2556,Key 官方配布,https://key.visualarts.gr.jp/anemoi/special.html,https://va-trialdist.azureedge.net/key/anemoi/sns_icon/sns2_img5.jpg,
官方壁纸、头像与横幅,【速川六花】,04-official-sns/rikka_sns_icon1.jpg,400,400,Key 官方配布,https://key.visualarts.gr.jp/anemoi/special.html,https://va-trialdist.azureedge.net/key/anemoi/sns_icon/rikka_sns_icon1.jpg,
官方角色立绘,小森 健こもり けん,05-official-characters/character_11.png,810,1189,Key 官网,https://key.visualarts.gr.jp/anemoi/character.html,https://key.visualarts.gr.jp/anemoi/common/image/character_11.png,
官方角色立绘,尾道文弥おのみち ふみや,05-official-characters/character_7.png,810,1189,Key 官网,https://key.visualarts.gr.jp/anemoi/character.html,https://key.visualarts.gr.jp/anemoi/common/image/character_7.png,
官方角色立绘,敦澤 塁あつざわ るい,05-official-characters/character_8.png,810,1189,Key 官网,https://key.visualarts.gr.jp/anemoi/character.html,https://key.visualarts.gr.jp/anemoi/common/image/character_8.png,
官方角色立绘,敦澤 誠あつざわ まこと,05-official-characters/character_14.png,810,1189,Key 官网,https://key.visualarts.gr.jp/anemoi/character.html,https://key.visualarts.gr.jp/anemoi/common/image/character_14.png,
官方角色立绘,河瀬千春かわせ ちはる,05-official-characters/character_10.png,810,1189,Key 官网,https://key.visualarts.gr.jp/anemoi/character.html,https://key.visualarts.gr.jp/anemoi/common/image/character_10.png,
官方角色立绘,淡雪陽彩あわゆき ひいろ,05-official-characters/character_3.png,810,1189,Key 官网,https://key.visualarts.gr.jp/anemoi/character.html,https://key.visualarts.gr.jp/anemoi/common/image/character_3.png,
官方角色立绘,白渡小詠しらと こよみ,05-official-characters/character_4.png,810,1189,Key 官网,https://key.visualarts.gr.jp/anemoi/character.html,https://key.visualarts.gr.jp/anemoi/common/image/character_4.png,
官方角色立绘,総羽 湊ふさば みなと,05-official-characters/character_13.png,810,1189,Key 官网,https://key.visualarts.gr.jp/anemoi/character.html,https://key.visualarts.gr.jp/anemoi/common/image/character_13.png,
官方角色立绘,総羽愛乃ふさば あいの,05-official-characters/character_2.png,810,1189,Key 官网,https://key.visualarts.gr.jp/anemoi/character.html,https://key.visualarts.gr.jp/anemoi/common/image/character_2.png,
官方角色立绘,花山広美はなやま ひろみ,05-official-characters/character_12.png,810,1189,Key 官网,https://key.visualarts.gr.jp/anemoi/character.html,https://key.visualarts.gr.jp/anemoi/common/image/character_12.png,
官方角色立绘,華押つづらかおう つづら,05-official-characters/character_6.png,810,1189,Key 官网,https://key.visualarts.gr.jp/anemoi/character.html,https://key.visualarts.gr.jp/anemoi/common/image/character_6.png,
官方角色立绘,辻倉朱比華つじくら すぴか,05-official-characters/character_1.png,810,1189,Key 官网,https://key.visualarts.gr.jp/anemoi/character.html,https://key.visualarts.gr.jp/anemoi/common/image/character_1.png,
官方角色立绘,速川 穂乃夏はやかわ ほのか,05-official-characters/character_17.png,810,1189,Key 官网,https://key.visualarts.gr.jp/anemoi/character.html,https://key.visualarts.gr.jp/anemoi/common/image/character_17.png,
官方角色立绘,速川 麦,05-official-characters/character_16.png,810,1189,Key 官网,https://key.visualarts.gr.jp/anemoi/character.html,https://key.visualarts.gr.jp/anemoi/common/image/character_16.png,
官方角色立绘,速川六花はやかわ りっか,05-official-characters/character_5.png,810,1189,Key 官网,https://key.visualarts.gr.jp/anemoi/character.html,https://key.visualarts.gr.jp/anemoi/common/image/character_5.png,
官方角色立绘,鉱 玖琉未あらがね くるみ,05-official-characters/character_9.png,810,1189,Key 官网,https://key.visualarts.gr.jp/anemoi/character.html,https://key.visualarts.gr.jp/anemoi/common/image/character_9.png,
官网应援插画,APO+,06-official-guest-illustrations/ouen_img_20.jpg,800,1134,官网发布的客座应援插画,https://key.visualarts.gr.jp/anemoi/ouen/ouen_illust.html,https://key.visualarts.gr.jp/anemoi/ouen/image/ouen_img_20.jpg,
官网应援插画,NOCO,06-official-guest-illustrations/ouen_img_23.jpg,800,1129,官网发布的客座应援插画,https://key.visualarts.gr.jp/anemoi/ouen/ouen_illust.html,https://key.visualarts.gr.jp/anemoi/ouen/image/ouen_img_23.jpg,
官网应援插画,Nico-Tine,06-official-guest-illustrations/ouen_img_24.jpg,800,1129,官网发布的客座应援插画,https://key.visualarts.gr.jp/anemoi/ouen/ouen_illust.html,https://key.visualarts.gr.jp/anemoi/ouen/image/ouen_img_24.jpg,
官网应援插画,SWAV,06-official-guest-illustrations/ouen_img_5.jpg,800,1131,官网发布的客座应援插画,https://key.visualarts.gr.jp/anemoi/ouen/ouen_illust.html,https://key.visualarts.gr.jp/anemoi/ouen/image/ouen_img_5.jpg,
官网应援插画,Yuzuki,06-official-guest-illustrations/ouen_img_11.jpg,800,1131,官网发布的客座应援插画,https://key.visualarts.gr.jp/anemoi/ouen/ouen_illust.html,https://key.visualarts.gr.jp/anemoi/ouen/image/ouen_img_11.jpg,
官网应援插画,ZEN,06-official-guest-illustrations/ouen_img_28.jpg,858,1200,官网发布的客座应援插画,https://key.visualarts.gr.jp/anemoi/ouen/ouen_illust.html,https://key.visualarts.gr.jp/anemoi/ouen/image/ouen_img_28.jpg,
官网应援插画,maruma(まるま),06-official-guest-illustrations/ouen_img_1.jpg,800,1130,官网发布的客座应援插画,https://key.visualarts.gr.jp/anemoi/ouen/ouen_illust.html,https://key.visualarts.gr.jp/anemoi/ouen/image/ouen_img_1.jpg,
官网应援插画,あるみっく,06-official-guest-illustrations/ouen_img_25.jpg,800,1130,官网发布的客座应援插画,https://key.visualarts.gr.jp/anemoi/ouen/ouen_illust.html,https://key.visualarts.gr.jp/anemoi/ouen/image/ouen_img_25.jpg,
官网应援插画,かにビーム,06-official-guest-illustrations/ouen_img_2.jpg,800,1119,官网发布的客座应援插画,https://key.visualarts.gr.jp/anemoi/ouen/ouen_illust.html,https://key.visualarts.gr.jp/anemoi/ouen/image/ouen_img_2.jpg,
官网应援插画,こもわた遙華,06-official-guest-illustrations/ouen_img_30.jpg,800,1130,官网发布的客座应援插画,https://key.visualarts.gr.jp/anemoi/ouen/ouen_illust.html,https://key.visualarts.gr.jp/anemoi/ouen/image/ouen_img_30.jpg,
官网应援插画,ごとP,06-official-guest-illustrations/ouen_img_10.jpg,800,1130,官网发布的客座应援插画,https://key.visualarts.gr.jp/anemoi/ouen/ouen_illust.html,https://key.visualarts.gr.jp/anemoi/ouen/image/ouen_img_10.jpg,
官网应援插画,ときわた,06-official-guest-illustrations/ouen_img_26.jpg,800,1136,官网发布的客座应援插画,https://key.visualarts.gr.jp/anemoi/ouen/ouen_illust.html,https://key.visualarts.gr.jp/anemoi/ouen/image/ouen_img_26.jpg,
官网应援插画,のずみ(やまもと),06-official-guest-illustrations/ouen_img_8.jpg,800,1130,官网发布的客座应援插画,https://key.visualarts.gr.jp/anemoi/ouen/ouen_illust.html,https://key.visualarts.gr.jp/anemoi/ouen/image/ouen_img_8.jpg,
官网应援插画,まおう,06-official-guest-illustrations/ouen_img_9.jpg,800,1119,官网发布的客座应援插画,https://key.visualarts.gr.jp/anemoi/ouen/ouen_illust.html,https://key.visualarts.gr.jp/anemoi/ouen/image/ouen_img_9.jpg,
官网应援插画,みさき樹里,06-official-guest-illustrations/ouen_img_18.jpg,800,1130,官网发布的客座应援插画,https://key.visualarts.gr.jp/anemoi/ouen/ouen_illust.html,https://key.visualarts.gr.jp/anemoi/ouen/image/ouen_img_18.jpg,
官网应援插画,みよしの,06-official-guest-illustrations/ouen_img_14.jpg,800,1130,官网发布的客座应援插画,https://key.visualarts.gr.jp/anemoi/ouen/ouen_illust.html,https://key.visualarts.gr.jp/anemoi/ouen/image/ouen_img_14.jpg,
官网应援插画,ゆたかてる,06-official-guest-illustrations/ouen_img_12.jpg,800,1130,官网发布的客座应援插画,https://key.visualarts.gr.jp/anemoi/ouen/ouen_illust.html,https://key.visualarts.gr.jp/anemoi/ouen/image/ouen_img_12.jpg,
官网应援插画,ゆゆはる,06-official-guest-illustrations/ouen_img_27.jpg,800,1130,官网发布的客座应援插画,https://key.visualarts.gr.jp/anemoi/ouen/ouen_illust.html,https://key.visualarts.gr.jp/anemoi/ouen/image/ouen_img_27.jpg,
官网应援插画,ゆりぼう,06-official-guest-illustrations/ouen_img_29.jpg,800,1130,官网发布的客座应援插画,https://key.visualarts.gr.jp/anemoi/ouen/ouen_illust.html,https://key.visualarts.gr.jp/anemoi/ouen/image/ouen_img_29.jpg,
官网应援插画,レルビィ,06-official-guest-illustrations/ouen_img_16.jpg,800,1130,官网发布的客座应援插画,https://key.visualarts.gr.jp/anemoi/ouen/ouen_illust.html,https://key.visualarts.gr.jp/anemoi/ouen/image/ouen_img_16.jpg,
官网应援插画,久保田 正輝,06-official-guest-illustrations/ouen_img_17.jpg,800,1130,官网发布的客座应援插画,https://key.visualarts.gr.jp/anemoi/ouen/ouen_illust.html,https://key.visualarts.gr.jp/anemoi/ouen/image/ouen_img_17.jpg,
官网应援插画,佐伯ソラ,06-official-guest-illustrations/ouen_img_3.jpg,800,1130,官网发布的客座应援插画,https://key.visualarts.gr.jp/anemoi/ouen/ouen_illust.html,https://key.visualarts.gr.jp/anemoi/ouen/image/ouen_img_3.jpg,
官网应援插画,兎塚エイジ,06-official-guest-illustrations/ouen_img_22.jpg,800,1130,官网发布的客座应援插画,https://key.visualarts.gr.jp/anemoi/ouen/ouen_illust.html,https://key.visualarts.gr.jp/anemoi/ouen/image/ouen_img_22.jpg,
官网应援插画,古弥月,06-official-guest-illustrations/ouen_img_13.jpg,800,1129,官网发布的客座应援插画,https://key.visualarts.gr.jp/anemoi/ouen/ouen_illust.html,https://key.visualarts.gr.jp/anemoi/ouen/image/ouen_img_13.jpg,
官网应援插画,春夏冬ゆう,06-official-guest-illustrations/ouen_img_4.jpg,800,1112,官网发布的客座应援插画,https://key.visualarts.gr.jp/anemoi/ouen/ouen_illust.html,https://key.visualarts.gr.jp/anemoi/ouen/image/ouen_img_4.jpg,
官网应援插画,浅見百合子,06-official-guest-illustrations/ouen_img_15.jpg,800,1130,官网发布的客座应援插画,https://key.visualarts.gr.jp/anemoi/ouen/ouen_illust.html,https://key.visualarts.gr.jp/anemoi/ouen/image/ouen_img_15.jpg,
官网应援插画,第三王女,06-official-guest-illustrations/ouen_img_7.jpg,800,1119,官网发布的客座应援插画,https://key.visualarts.gr.jp/anemoi/ouen/ouen_illust.html,https://key.visualarts.gr.jp/anemoi/ouen/image/ouen_img_7.jpg,
官网应援插画,雪川桜空,06-official-guest-illustrations/ouen_img_21.jpg,800,1130,官网发布的客座应援插画,https://key.visualarts.gr.jp/anemoi/ouen/ouen_illust.html,https://key.visualarts.gr.jp/anemoi/ouen/image/ouen_img_21.jpg,
官网应援插画,電竜ライ,06-official-guest-illustrations/ouen_img_6.jpg,800,1130,官网发布的客座应援插画,https://key.visualarts.gr.jp/anemoi/ouen/ouen_illust.html,https://key.visualarts.gr.jp/anemoi/ouen/image/ouen_img_6.jpg,
官网应援插画,鱈雲,06-official-guest-illustrations/ouen_img_19.jpg,800,1130,官网发布的客座应援插画,https://key.visualarts.gr.jp/anemoi/ouen/ouen_illust.html,https://key.visualarts.gr.jp/anemoi/ouen/image/ouen_img_19.jpg,
巡礼游戏截图 · wing,初山別村 / しょさんべつ天文台 / 01,07-pilgrimage-game-scenes/20260704215558883.png,1440,811,玩家公开游戏截图,https://vibgyor516.blog.fc2.com/blog-entry-93.html,https://blog-imgs-183.fc2.com/v/i/b/vibgyor516/20260704215558883.png,
巡礼游戏截图 · wing,初山別村 / しょさんべつ天文台 / 04,07-pilgrimage-game-scenes/20260704222642fd7.png,1411,794,玩家公开游戏截图,https://vibgyor516.blog.fc2.com/blog-entry-93.html,https://blog-imgs-183.fc2.com/v/i/b/vibgyor516/20260704222642fd7.png,
巡礼游戏截图 · wing,砂川市 / 砂川SA / 01,07-pilgrimage-game-scenes/20260704215931d04.png,1440,812,玩家公开游戏截图,https://vibgyor516.blog.fc2.com/blog-entry-93.html,https://blog-imgs-183.fc2.com/v/i/b/vibgyor516/20260704215931d04.png,
巡礼游戏截图 · wing,砂川市 / 砂川SA / 04,07-pilgrimage-game-scenes/20260704215930eaa.png,1440,809,玩家公开游戏截图,https://vibgyor516.blog.fc2.com/blog-entry-93.html,https://blog-imgs-183.fc2.com/v/i/b/vibgyor516/20260704215930eaa.png,
巡礼游戏截图 · wing,羽幌町 / 倉庫？ / 01,07-pilgrimage-game-scenes/20260704222644dbb.png,1411,794,玩家公开游戏截图,https://vibgyor516.blog.fc2.com/blog-entry-93.html,https://blog-imgs-183.fc2.com/v/i/b/vibgyor516/20260704222644dbb.png,玩家推测或取景范围，待现场核对
巡礼游戏截图 · wing,羽幌町 / 厩舎 / 01,07-pilgrimage-game-scenes/202607042156004dd.png,1439,809,玩家公开游戏截图,https://vibgyor516.blog.fc2.com/blog-entry-93.html,https://blog-imgs-183.fc2.com/v/i/b/vibgyor516/202607042156004dd.png,
巡礼游戏截图 · wing,羽幌町 / 真澄町の道路② / 01,07-pilgrimage-game-scenes/2026070421555483d.png,1439,807,玩家公开游戏截图,https://vibgyor516.blog.fc2.com/blog-entry-93.html,https://blog-imgs-183.fc2.com/v/i/b/vibgyor516/2026070421555483d.png,
巡礼游戏截图 · wing,羽幌町 / 築別郵便局 / 01,07-pilgrimage-game-scenes/20260704215529c36.png,1439,809,玩家公开游戏截图,https://vibgyor516.blog.fc2.com/blog-entry-93.html,https://blog-imgs-183.fc2.com/v/i/b/vibgyor516/20260704215529c36.png,游戏画面与现实建筑方向存在镜像差异；保存文件未翻转。
巡礼游戏截图 · wing,羽幌町 / 羽幌町霊園 / 01,07-pilgrimage-game-scenes/2026070421553634b.png,1439,808,玩家公开游戏截图,https://vibgyor516.blog.fc2.com/blog-entry-93.html,https://blog-imgs-183.fc2.com/v/i/b/vibgyor516/2026070421553634b.png,
巡礼游戏截图 · wing,苫前町 / とままえ夕陽ヶ丘オートキャンプ場 / 01,07-pilgrimage-game-scenes/202607042155341b0.png,1440,809,玩家公开游戏截图,https://vibgyor516.blog.fc2.com/blog-entry-93.html,https://blog-imgs-183.fc2.com/v/i/b/vibgyor516/202607042155341b0.png,
巡礼游戏截图 · wing,苫前町 / とままえ夕陽ヶ丘オートキャンプ場 / 05,07-pilgrimage-game-scenes/20260704223937d25.png,1410,792,玩家公开游戏截图,https://vibgyor516.blog.fc2.com/blog-entry-93.html,https://blog-imgs-183.fc2.com/v/i/b/vibgyor516/20260704223937d25.png,
巡礼游戏截图 · wing,苫前町 / とままえ温泉ふわっと / 01,07-pilgrimage-game-scenes/20260704222641fd8.png,1409,792,玩家公开游戏截图,https://vibgyor516.blog.fc2.com/blog-entry-93.html,https://blog-imgs-183.fc2.com/v/i/b/vibgyor516/20260704222641fd8.png,
巡礼游戏截图 · wing,苫前町 / キービジュアル / 01,07-pilgrimage-game-scenes/202607041923355ca.png,1440,806,玩家公开游戏截图,https://vibgyor516.blog.fc2.com/blog-entry-93.html,https://blog-imgs-183.fc2.com/v/i/b/vibgyor516/202607041923355ca.png,玩家推测或取景范围，待现场核对
巡礼游戏截图 · wing,苫前町 / スピカの麦畑 / 01,07-pilgrimage-game-scenes/20260704215538e92.png,1440,809,玩家公开游戏截图,https://vibgyor516.blog.fc2.com/blog-entry-93.html,https://blog-imgs-183.fc2.com/v/i/b/vibgyor516/20260704215538e92.png,玩家推测或取景范围，待现场核对
巡礼游戏截图 · wing,苫前町 / セイコーマートむらい苫前店 / 01,07-pilgrimage-game-scenes/20260704215525e2d.png,1439,809,玩家公开游戏截图,https://vibgyor516.blog.fc2.com/blog-entry-93.html,https://blog-imgs-183.fc2.com/v/i/b/vibgyor516/20260704215525e2d.png,
巡礼游戏截图 · wing,苫前町 / ローソク岩 / 01,07-pilgrimage-game-scenes/2026070421552813c.png,1440,809,玩家公开游戏截图,https://vibgyor516.blog.fc2.com/blog-entry-93.html,https://blog-imgs-183.fc2.com/v/i/b/vibgyor516/2026070421552813c.png,
巡礼游戏截图 · wing,苫前町 / 古丹別バスターミナル / 01,07-pilgrimage-game-scenes/202607042155496d4.png,1438,809,玩家公开游戏截图,https://vibgyor516.blog.fc2.com/blog-entry-93.html,https://blog-imgs-183.fc2.com/v/i/b/vibgyor516/202607042155496d4.png,
巡礼游戏截图 · wing,苫前町 / 岩見の一本松 / 01,07-pilgrimage-game-scenes/20260704215538f0b.png,1439,808,玩家公开游戏截图,https://vibgyor516.blog.fc2.com/blog-entry-93.html,https://blog-imgs-183.fc2.com/v/i/b/vibgyor516/20260704215538f0b.png,
巡礼游戏截图 · wing,苫前町 / 広大な道 / 01,07-pilgrimage-game-scenes/202607042156023f0.png,1440,811,玩家公开游戏截图,https://vibgyor516.blog.fc2.com/blog-entry-93.html,https://blog-imgs-183.fc2.com/v/i/b/vibgyor516/202607042156023f0.png,玩家推测或取景范围，待现场核对
巡礼游戏截图 · wing,苫前町 / 民宿30ノット / 01,07-pilgrimage-game-scenes/20260704221620e9c.png,1439,809,玩家公开游戏截图,https://vibgyor516.blog.fc2.com/blog-entry-93.html,https://blog-imgs-183.fc2.com/v/i/b/vibgyor516/20260704221620e9c.png,
巡礼游戏截图 · wing,苫前町 / 民宿30ノット / 02,07-pilgrimage-game-scenes/202607042155213f8.png,1439,809,玩家公开游戏截图,https://vibgyor516.blog.fc2.com/blog-entry-93.html,https://blog-imgs-183.fc2.com/v/i/b/vibgyor516/202607042155213f8.png,
巡礼游戏截图 · wing,苫前町 / 真澄町の道路① / 01,07-pilgrimage-game-scenes/202607042155555fa.png,1440,807,玩家公开游戏截图,https://vibgyor516.blog.fc2.com/blog-entry-93.html,https://blog-imgs-183.fc2.com/v/i/b/vibgyor516/202607042155555fa.png,
巡礼游戏截图 · wing,苫前町 / 苫前夕陽ヶ丘未来港公園 / 01,07-pilgrimage-game-scenes/20260704221619a6b.png,1442,809,玩家公开游戏截图,https://vibgyor516.blog.fc2.com/blog-entry-93.html,https://blog-imgs-183.fc2.com/v/i/b/vibgyor516/20260704221619a6b.png,
巡礼游戏截图 · wing,苫前町 / 苫前夕陽ヶ丘未来港公園 / 02,07-pilgrimage-game-scenes/20260704221621a45.png,1411,794,玩家公开游戏截图,https://vibgyor516.blog.fc2.com/blog-entry-93.html,https://blog-imgs-183.fc2.com/v/i/b/vibgyor516/20260704221621a45.png,
巡礼游戏截图 · wing,苫前町 / 苫前夕陽ヶ丘未来港公園 / 05,07-pilgrimage-game-scenes/20260704215523438.png,1437,805,玩家公开游戏截图,https://vibgyor516.blog.fc2.com/blog-entry-93.html,https://blog-imgs-183.fc2.com/v/i/b/vibgyor516/20260704215523438.png,
巡礼游戏截图 · wing,苫前町 / 苫前夕陽ヶ丘風力発電所「風来望」 / 01,07-pilgrimage-game-scenes/202607042155577ff.png,1439,809,玩家公开游戏截图,https://vibgyor516.blog.fc2.com/blog-entry-93.html,https://blog-imgs-183.fc2.com/v/i/b/vibgyor516/202607042155577ff.png,
巡礼游戏截图 · wing,苫前町 / 苫前夕陽ヶ丘風力発電所「風来望」 / 02,07-pilgrimage-game-scenes/20260704223939fb0.png,1411,794,玩家公开游戏截图,https://vibgyor516.blog.fc2.com/blog-entry-93.html,https://blog-imgs-183.fc2.com/v/i/b/vibgyor516/20260704223939fb0.png,
巡礼游戏截图 · wing,苫前町 / 苫前町郷土資料館 / 01,07-pilgrimage-game-scenes/2026070421554129e.png,1440,811,玩家公开游戏截图,https://vibgyor516.blog.fc2.com/blog-entry-93.html,https://blog-imgs-183.fc2.com/v/i/b/vibgyor516/2026070421554129e.png,
巡礼游戏截图 · wing,苫前町 / 隣町の牧場 / 01,07-pilgrimage-game-scenes/202607042155328aa.png,1439,809,玩家公开游戏截图,https://vibgyor516.blog.fc2.com/blog-entry-93.html,https://blog-imgs-183.fc2.com/v/i/b/vibgyor516/202607042155328aa.png,
巡礼实景照片 · wing,初山別村 / しょさんべつ天文台 / 02,08-pilgrimage-real-photos/IMG_9122.jpg,4032,3024,wing 巡礼实拍,https://vibgyor516.blog.fc2.com/blog-entry-93.html,https://blog-imgs-183.fc2.com/v/i/b/vibgyor516/IMG_9122.jpg,
巡礼实景照片 · wing,初山別村 / しょさんべつ天文台 / 03,08-pilgrimage-real-photos/IMG_9119.jpg,4032,3024,wing 巡礼实拍,https://vibgyor516.blog.fc2.com/blog-entry-93.html,https://blog-imgs-183.fc2.com/v/i/b/vibgyor516/IMG_9119.jpg,
巡礼实景照片 · wing,初山別村 / しょさんべつ天文台 / 05,08-pilgrimage-real-photos/IMG_9117.jpg,4032,3024,wing 巡礼实拍,https://vibgyor516.blog.fc2.com/blog-entry-93.html,https://blog-imgs-183.fc2.com/v/i/b/vibgyor516/IMG_9117.jpg,
巡礼实景照片 · wing,初山別村 / しょさんべつ天文台 / 06,08-pilgrimage-real-photos/IMG_9111.jpg,4032,3024,wing 巡礼实拍,https://vibgyor516.blog.fc2.com/blog-entry-93.html,https://blog-imgs-183.fc2.com/v/i/b/vibgyor516/IMG_9111.jpg,
巡礼实景照片 · wing,初山別村 / しょさんべつ天文台 / 07,08-pilgrimage-real-photos/fc2blog_20260704204117979.jpg,1170,1556,wing 巡礼实拍,https://vibgyor516.blog.fc2.com/blog-entry-93.html,https://blog-imgs-183.fc2.com/v/i/b/vibgyor516/fc2blog_20260704204117979.jpg,
巡礼实景照片 · wing,初山別村 / しょさんべつ天文台 / 08,08-pilgrimage-real-photos/IMG_9106.jpg,3024,4032,wing 巡礼实拍,https://vibgyor516.blog.fc2.com/blog-entry-93.html,https://blog-imgs-183.fc2.com/v/i/b/vibgyor516/IMG_9106.jpg,
巡礼实景照片 · wing,砂川市 / 砂川SA / 02,08-pilgrimage-real-photos/IMG_8914.jpg,4032,3024,wing 巡礼实拍,https://vibgyor516.blog.fc2.com/blog-entry-93.html,https://blog-imgs-183.fc2.com/v/i/b/vibgyor516/IMG_8914.jpg,
巡礼实景照片 · wing,砂川市 / 砂川SA / 03,08-pilgrimage-real-photos/IMG_9346.jpg,4032,3024,wing 巡礼实拍,https://vibgyor516.blog.fc2.com/blog-entry-93.html,https://blog-imgs-183.fc2.com/v/i/b/vibgyor516/IMG_9346.jpg,
巡礼实景照片 · wing,砂川市 / 砂川SA / 05,08-pilgrimage-real-photos/IMG_9344.jpg,4032,3024,wing 巡礼实拍,https://vibgyor516.blog.fc2.com/blog-entry-93.html,https://blog-imgs-183.fc2.com/v/i/b/vibgyor516/IMG_9344.jpg,
巡礼实景照片 · wing,砂川市 / 砂川SA / 06,08-pilgrimage-real-photos/IMG_9343.jpg,4032,3024,wing 巡礼实拍,https://vibgyor516.blog.fc2.com/blog-entry-93.html,https://blog-imgs-183.fc2.com/v/i/b/vibgyor516/IMG_9343.jpg,
巡礼实景照片 · wing,羽幌町 / 倉庫？ / 02,08-pilgrimage-real-photos/IMG_9161.jpg,4032,3024,wing 巡礼实拍,https://vibgyor516.blog.fc2.com/blog-entry-93.html,https://blog-imgs-183.fc2.com/v/i/b/vibgyor516/IMG_9161.jpg,玩家推测或取景范围，待现场核对
巡礼实景照片 · wing,羽幌町 / 厩舎 / 02,08-pilgrimage-real-photos/IMG_9197.jpg,4032,3024,wing 巡礼实拍,https://vibgyor516.blog.fc2.com/blog-entry-93.html,https://blog-imgs-183.fc2.com/v/i/b/vibgyor516/IMG_9197.jpg,
巡礼实景照片 · wing,羽幌町 / 真澄町の道路② / 02,08-pilgrimage-real-photos/IMG_9195.jpg,4032,3024,wing 巡礼实拍,https://vibgyor516.blog.fc2.com/blog-entry-93.html,https://blog-imgs-183.fc2.com/v/i/b/vibgyor516/IMG_9195.jpg,
巡礼实景照片 · wing,羽幌町 / 築別郵便局 / 02,08-pilgrimage-real-photos/IMG_9143.jpg,4032,3024,wing 巡礼实拍,https://vibgyor516.blog.fc2.com/blog-entry-93.html,https://blog-imgs-183.fc2.com/v/i/b/vibgyor516/IMG_9143.jpg,游戏画面与现实建筑方向存在镜像差异；保存文件未翻转。
巡礼实景照片 · wing,羽幌町 / 築別郵便局 / 03,08-pilgrimage-real-photos/IMG_9144.jpg,4032,3024,wing 巡礼实拍,https://vibgyor516.blog.fc2.com/blog-entry-93.html,https://blog-imgs-183.fc2.com/v/i/b/vibgyor516/IMG_9144.jpg,游戏画面与现实建筑方向存在镜像差异；保存文件未翻转。
巡礼实景照片 · wing,羽幌町 / 羽幌町霊園 / 02,08-pilgrimage-real-photos/IMG_9162.jpg,4032,3024,wing 巡礼实拍,https://vibgyor516.blog.fc2.com/blog-entry-93.html,https://blog-imgs-183.fc2.com/v/i/b/vibgyor516/IMG_9162.jpg,
巡礼实景照片 · wing,羽幌町 / 羽幌町霊園 / 03,08-pilgrimage-real-photos/IMG_9164.jpg,4032,3024,wing 巡礼实拍,https://vibgyor516.blog.fc2.com/blog-entry-93.html,https://blog-imgs-183.fc2.com/v/i/b/vibgyor516/IMG_9164.jpg,
巡礼实景照片 · wing,苫前町 / とままえ夕陽ヶ丘オートキャンプ場 / 02,08-pilgrimage-real-photos/fc2blog_202607042041108d1.jpg,1170,880,wing 巡礼实拍,https://vibgyor516.blog.fc2.com/blog-entry-93.html,https://blog-imgs-183.fc2.com/v/i/b/vibgyor516/fc2blog_202607042041108d1.jpg,
巡礼实景照片 · wing,苫前町 / とままえ夕陽ヶ丘オートキャンプ場 / 03,08-pilgrimage-real-photos/fc2blog_20260704204112435.jpg,1170,880,wing 巡礼实拍,https://vibgyor516.blog.fc2.com/blog-entry-93.html,https://blog-imgs-183.fc2.com/v/i/b/vibgyor516/fc2blog_20260704204112435.jpg,
巡礼实景照片 · wing,苫前町 / とままえ夕陽ヶ丘オートキャンプ場 / 04,08-pilgrimage-real-photos/fc2blog_2026070422393488d.jpg,1170,876,wing 巡礼实拍,https://vibgyor516.blog.fc2.com/blog-entry-93.html,https://blog-imgs-183.fc2.com/v/i/b/vibgyor516/fc2blog_2026070422393488d.jpg,
巡礼实景照片 · wing,苫前町 / とままえ夕陽ヶ丘オートキャンプ場 / 06,08-pilgrimage-real-photos/fc2blog_202607042041070de.jpg,1170,874,wing 巡礼实拍,https://vibgyor516.blog.fc2.com/blog-entry-93.html,https://blog-imgs-183.fc2.com/v/i/b/vibgyor516/fc2blog_202607042041070de.jpg,
巡礼实景照片 · wing,苫前町 / とままえ夕陽ヶ丘オートキャンプ場 / 07,08-pilgrimage-real-photos/fc2blog_20260704204109a4c.jpg,1170,876,wing 巡礼实拍,https://vibgyor516.blog.fc2.com/blog-entry-93.html,https://blog-imgs-183.fc2.com/v/i/b/vibgyor516/fc2blog_20260704204109a4c.jpg,
巡礼实景照片 · wing,苫前町 / とままえ温泉ふわっと / 02,08-pilgrimage-real-photos/fc2blog_20260704223935b99.jpg,1170,879,wing 巡礼实拍,https://vibgyor516.blog.fc2.com/blog-entry-93.html,https://blog-imgs-183.fc2.com/v/i/b/vibgyor516/fc2blog_20260704223935b99.jpg,
巡礼实景照片 · wing,苫前町 / とままえ温泉ふわっと / 03,08-pilgrimage-real-photos/IMG_9309.jpg,4032,3024,wing 巡礼实拍,https://vibgyor516.blog.fc2.com/blog-entry-93.html,https://blog-imgs-183.fc2.com/v/i/b/vibgyor516/IMG_9309.jpg,
巡礼实景照片 · wing,苫前町 / とままえ温泉ふわっと / 04,08-pilgrimage-real-photos/IMG_8968.jpg,4032,3024,wing 巡礼实拍,https://vibgyor516.blog.fc2.com/blog-entry-93.html,https://blog-imgs-183.fc2.com/v/i/b/vibgyor516/IMG_8968.jpg,
巡礼实景照片 · wing,苫前町 / キービジュアル / 02,08-pilgrimage-real-photos/fc2blog_2026070420411616e.jpg,1170,1558,wing 巡礼实拍,https://vibgyor516.blog.fc2.com/blog-entry-93.html,https://blog-imgs-183.fc2.com/v/i/b/vibgyor516/fc2blog_2026070420411616e.jpg,玩家推测或取景范围，待现场核对
巡礼实景照片 · wing,苫前町 / スピカの麦畑 / 02,08-pilgrimage-real-photos/IMG_9232.jpg,4032,3024,wing 巡礼实拍,https://vibgyor516.blog.fc2.com/blog-entry-93.html,https://blog-imgs-183.fc2.com/v/i/b/vibgyor516/IMG_9232.jpg,玩家推测或取景范围，待现场核对
巡礼实景照片 · wing,苫前町 / セイコーマートむらい苫前店 / 02,08-pilgrimage-real-photos/IMG_9243.jpg,4032,3024,wing 巡礼实拍,https://vibgyor516.blog.fc2.com/blog-entry-93.html,https://blog-imgs-183.fc2.com/v/i/b/vibgyor516/IMG_9243.jpg,
巡礼实景照片 · wing,苫前町 / ローソク岩 / 02,08-pilgrimage-real-photos/IMG_9314.jpg,4032,3024,wing 巡礼实拍,https://vibgyor516.blog.fc2.com/blog-entry-93.html,https://blog-imgs-183.fc2.com/v/i/b/vibgyor516/IMG_9314.jpg,
巡礼实景照片 · wing,苫前町 / ローソク岩 / 03,08-pilgrimage-real-photos/fc2blog_20260704204115ee7.jpg,1170,877,wing 巡礼实拍,https://vibgyor516.blog.fc2.com/blog-entry-93.html,https://blog-imgs-183.fc2.com/v/i/b/vibgyor516/fc2blog_20260704204115ee7.jpg,
巡礼实景照片 · wing,苫前町 / 古丹別バスターミナル / 02,08-pilgrimage-real-photos/IMG_9262.jpg,4032,3024,wing 巡礼实拍,https://vibgyor516.blog.fc2.com/blog-entry-93.html,https://blog-imgs-183.fc2.com/v/i/b/vibgyor516/IMG_9262.jpg,
巡礼实景照片 · wing,苫前町 / 古丹別バスターミナル / 03,08-pilgrimage-real-photos/IMG_9264.jpg,3024,4032,wing 巡礼实拍,https://vibgyor516.blog.fc2.com/blog-entry-93.html,https://blog-imgs-183.fc2.com/v/i/b/vibgyor516/IMG_9264.jpg,
巡礼实景照片 · wing,苫前町 / 古丹別バスターミナル / 04,08-pilgrimage-real-photos/IMG_9263.jpg,4032,3024,wing 巡礼实拍,https://vibgyor516.blog.fc2.com/blog-entry-93.html,https://blog-imgs-183.fc2.com/v/i/b/vibgyor516/IMG_9263.jpg,
巡礼实景照片 · wing,苫前町 / 岩見の一本松 / 02,08-pilgrimage-real-photos/IMG_9255.jpg,4032,3024,wing 巡礼实拍,https://vibgyor516.blog.fc2.com/blog-entry-93.html,https://blog-imgs-183.fc2.com/v/i/b/vibgyor516/IMG_9255.jpg,
巡礼实景照片 · wing,苫前町 / 岩見の一本松 / 03,08-pilgrimage-real-photos/IMG_9257.jpg,4032,3024,wing 巡礼实拍,https://vibgyor516.blog.fc2.com/blog-entry-93.html,https://blog-imgs-183.fc2.com/v/i/b/vibgyor516/IMG_9257.jpg,
巡礼实景照片 · wing,苫前町 / 岩見の一本松 / 04,08-pilgrimage-real-photos/IMG_9253.jpg,4032,3024,wing 巡礼实拍,https://vibgyor516.blog.fc2.com/blog-entry-93.html,https://blog-imgs-183.fc2.com/v/i/b/vibgyor516/IMG_9253.jpg,
巡礼实景照片 · wing,苫前町 / 広大な道 / 02,08-pilgrimage-real-photos/IMG_9212.jpg,4032,3024,wing 巡礼实拍,https://vibgyor516.blog.fc2.com/blog-entry-93.html,https://blog-imgs-183.fc2.com/v/i/b/vibgyor516/IMG_9212.jpg,玩家推测或取景范围，待现场核对
巡礼实景照片 · wing,苫前町 / 民宿30ノット / 03,08-pilgrimage-real-photos/IMG_8977.jpg,4032,3024,wing 巡礼实拍,https://vibgyor516.blog.fc2.com/blog-entry-93.html,https://blog-imgs-183.fc2.com/v/i/b/vibgyor516/IMG_8977.jpg,
巡礼实景照片 · wing,苫前町 / 民宿30ノット / 04,08-pilgrimage-real-photos/IMG_8982.jpg,4032,3024,wing 巡礼实拍,https://vibgyor516.blog.fc2.com/blog-entry-93.html,https://blog-imgs-183.fc2.com/v/i/b/vibgyor516/IMG_8982.jpg,
巡礼实景照片 · wing,苫前町 / 苫前夕陽ヶ丘未来港公園 / 03,08-pilgrimage-real-photos/IMG_8961.jpg,4032,3024,wing 巡礼实拍,https://vibgyor516.blog.fc2.com/blog-entry-93.html,https://blog-imgs-183.fc2.com/v/i/b/vibgyor516/IMG_8961.jpg,
巡礼实景照片 · wing,苫前町 / 苫前夕陽ヶ丘未来港公園 / 04,08-pilgrimage-real-photos/IMG_8962.jpg,4032,3024,wing 巡礼实拍,https://vibgyor516.blog.fc2.com/blog-entry-93.html,https://blog-imgs-183.fc2.com/v/i/b/vibgyor516/IMG_8962.jpg,
巡礼实景照片 · wing,苫前町 / 苫前夕陽ヶ丘未来港公園 / 06,08-pilgrimage-real-photos/IMG_8964.jpg,4032,3024,wing 巡礼实拍,https://vibgyor516.blog.fc2.com/blog-entry-93.html,https://blog-imgs-183.fc2.com/v/i/b/vibgyor516/IMG_8964.jpg,
巡礼实景照片 · wing,苫前町 / 苫前夕陽ヶ丘風力発電所「風来望」 / 03,08-pilgrimage-real-photos/IMG_8955.jpg,4032,3024,wing 巡礼实拍,https://vibgyor516.blog.fc2.com/blog-entry-93.html,https://blog-imgs-183.fc2.com/v/i/b/vibgyor516/IMG_8955.jpg,
巡礼实景照片 · wing,苫前町 / 苫前夕陽ヶ丘風力発電所「風来望」 / 04,08-pilgrimage-real-photos/IMG_8957.jpg,3024,4032,wing 巡礼实拍,https://vibgyor516.blog.fc2.com/blog-entry-93.html,https://blog-imgs-183.fc2.com/v/i/b/vibgyor516/IMG_8957.jpg,
巡礼实景照片 · wing,苫前町 / 苫前町郷土資料館 / 02,08-pilgrimage-real-photos/IMG_9235.jpg,4032,3024,wing 巡礼实拍,https://vibgyor516.blog.fc2.com/blog-entry-93.html,https://blog-imgs-183.fc2.com/v/i/b/vibgyor516/IMG_9235.jpg,
巡礼实景照片 · wing,苫前町 / 苫前町郷土資料館 / 03,08-pilgrimage-real-photos/IMG_9234.jpg,3024,4032,wing 巡礼实拍,https://vibgyor516.blog.fc2.com/blog-entry-93.html,https://blog-imgs-183.fc2.com/v/i/b/vibgyor516/IMG_9234.jpg,
巡礼实景照片 · wing,苫前町 / 隣町の牧場 / 02,08-pilgrimage-real-photos/IMG_9217.jpg,4032,3024,wing 巡礼实拍,https://vibgyor516.blog.fc2.com/blog-entry-93.html,https://blog-imgs-183.fc2.com/v/i/b/vibgyor516/IMG_9217.jpg,
巡礼场景 · anitabi,しょさんべつ天文台,09-anitabi-scene-originals/3wvv46e_1755529967548.jpg,1428,2048,anitabi 社区场景资料,https://www.anitabi.cn/map?bangumiId=465493&pid=3wvv46e,https://image-anitabi.magiconch.com/points/465493/3wvv46e_1755529967548.jpg,社区上传的宣传插画版本，保留来源文件。
巡礼场景 · anitabi,しょさんべつ天文台,09-anitabi-scene-originals/eh2rfwi-1778517904858.jpg,1912,1071,anitabi 社区场景资料,https://www.anitabi.cn/map?bangumiId=465493&pid=eh2rfwi,https://image-anitabi.magiconch.com/user/2192/bangumi/465493/points/eh2rfwi-1778517904858.jpg,
巡礼场景 · anitabi,しょさんべつ天文台,09-anitabi-scene-originals/3wvutqu_1755529130489.jpg,1280,720,anitabi 社区场景资料,https://www.anitabi.cn/map?bangumiId=465493&pid=3wvutqu,https://image-anitabi.magiconch.com/points/465493/3wvutqu_1755529130489.jpg,
巡礼场景 · anitabi,しょさんべつ天文台,09-anitabi-scene-originals/45l911q_1756055506455.jpg,1920,1080,anitabi 社区场景资料,https://www.anitabi.cn/map?bangumiId=465493&pid=45l911q,https://image-anitabi.magiconch.com/points/465493/45l911q_1756055506455.jpg,公开视频画面，像素为1920×1080，画面本身较软。
巡礼场景 · anitabi,しょさんべつ天文台,09-anitabi-scene-originals/alunuhj-1770099474221.jpg,2048,1152,anitabi 社区场景资料,https://www.anitabi.cn/map?bangumiId=465493&pid=alunuhj,https://image-anitabi.magiconch.com/user/2206/bangumi/465493/points/alunuhj-1770099474221.jpg,
巡礼场景 · anitabi,とままえ夕陽ケ丘ホワイトビーチ,09-anitabi-scene-originals/ez1whl4-1779604905732.jpg,3840,2160,anitabi 社区场景资料,https://www.anitabi.cn/map?bangumiId=465493&pid=ez1whl4,https://image-anitabi.magiconch.com/user/2208/bangumi/465493/points/ez1whl4-1779604905732.jpg,
巡礼场景 · anitabi,とままえ夕陽ヶ丘未来港公園,09-anitabi-scene-originals/alve9sm-1770100953108.jpg,2022,1137,anitabi 社区场景资料,https://www.anitabi.cn/map?bangumiId=465493&pid=alve9sm,https://image-anitabi.magiconch.com/user/2206/bangumi/465493/points/alve9sm-1770100953108.jpg,社区考据；地点对应未获官方逐点确认
巡礼场景 · anitabi,エサヌカ線,09-anitabi-scene-originals/51g15b9_1757981668157.jpg,1280,720,anitabi 社区场景资料,https://www.anitabi.cn/map?bangumiId=465493&pid=51g15b9,https://image-anitabi.magiconch.com/points/465493/51g15b9_1757981668157.jpg,社区考据；地点对应未获官方逐点确认
巡礼场景 · anitabi,オトンルイ風力発電所,09-anitabi-scene-originals/dw8hbvu-1778477725356.jpg,1500,1500,anitabi 社区场景资料,https://www.anitabi.cn/map?bangumiId=465493&pid=dw8hbvu,https://image-anitabi.magiconch.com/user/0/bangumi/465493/points/dw8hbvu-1778477725356.jpg,社区考据；地点对应未获官方逐点确认
巡礼场景 · anitabi,オロロンライン,09-anitabi-scene-originals/akcasus-1770008171999.jpg,2048,1152,anitabi 社区场景资料,https://www.anitabi.cn/map?bangumiId=465493&pid=akcasus,https://image-anitabi.magiconch.com/user/0/bangumi/465493/points/akcasus-1770008171999.jpg,社区考据；地点对应未获官方逐点确认
巡礼场景 · anitabi,オロロン鳥モニュメント,09-anitabi-scene-originals/gc05iv7-1782564777075.jpg,1440,1920,anitabi 社区场景资料,https://www.anitabi.cn/map?bangumiId=465493&pid=gc05iv7,"https://image-anitabi.magiconch.com/user/2208/bangumi/465493/points/gc05iv7-1782564777075.jpg,jpg",社区考据；地点对应未获官方逐点确认
巡礼场景 · anitabi,グリーンヒルウインドパーク,09-anitabi-scene-originals/45n2ud1_1756058587661.jpg,1920,1080,anitabi 社区场景资料,https://www.anitabi.cn/map?bangumiId=465493&pid=45n2ud1,https://image-anitabi.magiconch.com/points/465493/45n2ud1_1756058587661.jpg,
巡礼场景 · anitabi,セイコーマートむらい苫前店,09-anitabi-scene-originals/dm5fsj3-1776647931349.jpg,1413,1031,anitabi 社区场景资料,https://www.anitabi.cn/map?bangumiId=465493&pid=dm5fsj3,https://image-anitabi.magiconch.com/user/0/bangumi/465493/points/dm5fsj3-1776647931349.jpg,
巡礼场景 · anitabi,ローソク岩,09-anitabi-scene-originals/gbzw3u6-1782564342957.jpg,1920,1080,anitabi 社区场景资料,https://www.anitabi.cn/map?bangumiId=465493&pid=gbzw3u6,"https://image-anitabi.magiconch.com/user/2208/bangumi/465493/points/gbzw3u6-1782564342957.jpg,jpg",社区推测或局部相似，待现场核对
巡礼场景 · anitabi,上平模范牧场,09-anitabi-scene-originals/aj3iw3x-1769932983749.jpg,1920,1080,anitabi 社区场景资料,https://www.anitabi.cn/map?bangumiId=465493&pid=aj3iw3x,https://image-anitabi.magiconch.com/user/2206/bangumi/465493/points/aj3iw3x-1769932983749.jpg,
巡礼场景 · anitabi,久遠山大林寺,09-anitabi-scene-originals/gbij60z-1782535169147.jpg,1920,1080,anitabi 社区场景资料,https://www.anitabi.cn/map?bangumiId=465493&pid=gbij60z,"https://image-anitabi.magiconch.com/user/2208/bangumi/465493/points/gbij60z-1782535169147.jpg,jpg",
巡礼场景 · anitabi,冈山站前广场,09-anitabi-scene-originals/dw7wfau-1777256775188.jpg,2048,1152,anitabi 社区场景资料,https://www.anitabi.cn/map?bangumiId=465493&pid=dw7wfau,https://image-anitabi.magiconch.com/user/0/bangumi/465493/points/dw7wfau-1777256775188.jpg,社区考据；地点对应未获官方逐点确认
巡礼场景 · anitabi,去真澄町的路,09-anitabi-scene-originals/gbil6b9-1782535252403.jpg,1920,1080,anitabi 社区场景资料,https://www.anitabi.cn/map?bangumiId=465493&pid=gbil6b9,"https://image-anitabi.magiconch.com/user/2208/bangumi/465493/points/gbil6b9-1782535252403.jpg,jpg",社区考据；地点对应未获官方逐点确认
巡礼场景 · anitabi,古丹別バスターミナル,09-anitabi-scene-originals/akbktyg-1770006950668.jpg,2048,1152,anitabi 社区场景资料,https://www.anitabi.cn/map?bangumiId=465493&pid=akbktyg,https://image-anitabi.magiconch.com/user/0/bangumi/465493/points/akbktyg-1770006950668.jpg,社区考据；地点对应未获官方逐点确认
巡礼场景 · anitabi,宗谷本線,09-anitabi-scene-originals/gepamly-1782727943147.jpg,1920,1080,anitabi 社区场景资料,https://www.anitabi.cn/map?bangumiId=465493&pid=gepamly,https://image-anitabi.magiconch.com/user/2208/bangumi/465493/points/gepamly-1782727943147.jpg,
巡礼场景 · anitabi,小林牧場,09-anitabi-scene-originals/eh2oy6v-1778517791594.jpg,680,424,anitabi 社区场景资料,https://www.anitabi.cn/map?bangumiId=465493&pid=eh2oy6v,https://image-anitabi.magiconch.com/user/2192/bangumi/465493/points/eh2oy6v-1778517791594.jpg,
巡礼场景 · anitabi,岩見の一本松記念保護樹木,09-anitabi-scene-originals/g94kmlk-1782390762319.jpg,1920,1080,anitabi 社区场景资料,https://www.anitabi.cn/map?bangumiId=465493&pid=g94kmlk,"https://image-anitabi.magiconch.com/user/2208/bangumi/465493/points/g94kmlk-1782390762319.jpg,jpg",
巡礼场景 · anitabi,应该是这个路口，可以看到前方两个红绿灯,09-anitabi-scene-originals/gbh3cjc-1782532751905.jpg,1920,1080,anitabi 社区场景资料,https://www.anitabi.cn/map?bangumiId=465493&pid=gbh3cjc,"https://image-anitabi.magiconch.com/user/2208/bangumi/465493/points/gbh3cjc-1782532751905.jpg,jpg",
巡礼场景 · anitabi,日本海オロロンライン,09-anitabi-scene-originals/akbru8e-1770007286827.jpg,2048,1152,anitabi 社区场景资料,https://www.anitabi.cn/map?bangumiId=465493&pid=akbru8e,https://image-anitabi.magiconch.com/user/0/bangumi/465493/points/akbru8e-1770007286827.jpg,社区考据；地点对应未获官方逐点确认
巡礼场景 · anitabi,朱鞠内湖,09-anitabi-scene-originals/geokidl-1782727353690.jpg,1920,1080,anitabi 社区场景资料,https://www.anitabi.cn/map?bangumiId=465493&pid=geokidl,https://image-anitabi.magiconch.com/user/2208/bangumi/465493/points/geokidl-1782727353690.jpg,社区考据；地点对应未获官方逐点确认
巡礼场景 · anitabi,松原水泳場,09-anitabi-scene-originals/h8suwi3-1784547922450.jpg,1920,1080,anitabi 社区场景资料,https://www.anitabi.cn/map?bangumiId=465493&pid=h8suwi3,https://image-anitabi.magiconch.com/user/2208/bangumi/465493/points/h8suwi3-1784547922450.jpg,社区考据；地点对应未获官方逐点确认
巡礼场景 · anitabi,栄浜,09-anitabi-scene-originals/dymy0us-1777403023820.jpg,1024,574,anitabi 社区场景资料,https://www.anitabi.cn/map?bangumiId=465493&pid=dymy0us,https://image-anitabi.magiconch.com/user/0/bangumi/465493/points/dymy0us-1777403023820.jpg,社区推测或局部相似，待现场核对
巡礼场景 · anitabi,栄浜公交站,09-anitabi-scene-originals/alv8zs1-1770100476959.jpg,2048,1152,anitabi 社区场景资料,https://www.anitabi.cn/map?bangumiId=465493&pid=alv8zs1,https://image-anitabi.magiconch.com/user/2206/bangumi/465493/points/alv8zs1-1770100476959.jpg,社区考据；地点对应未获官方逐点确认
巡礼场景 · anitabi,民宿30ノット,09-anitabi-scene-originals/45ol5u1_1756061160877.jpg,1280,720,anitabi 社区场景资料,https://www.anitabi.cn/map?bangumiId=465493&pid=45ol5u1,https://image-anitabi.magiconch.com/points/465493/45ol5u1_1756061160877.jpg,
巡礼场景 · anitabi,民宿30ノット,09-anitabi-scene-originals/gbhusje-1782534014210.jpg,1920,1080,anitabi 社区场景资料,https://www.anitabi.cn/map?bangumiId=465493&pid=gbhusje,"https://image-anitabi.magiconch.com/user/2208/bangumi/465493/points/gbhusje-1782534014210.jpg,jpg",社区考据；地点对应未获官方逐点确认
巡礼场景 · anitabi,砂川SA（下行）,09-anitabi-scene-originals/e891wdq-1777984258865.jpg,2048,1152,anitabi 社区场景资料,https://www.anitabi.cn/map?bangumiId=465493&pid=e891wdq,https://image-anitabi.magiconch.com/user/0/bangumi/465493/points/e891wdq-1777984258865.jpg,
巡礼场景 · anitabi,砂川服务区（上行）,09-anitabi-scene-originals/duzl6dh-1777182467913.jpg,2048,1152,anitabi 社区场景资料,https://www.anitabi.cn/map?bangumiId=465493&pid=duzl6dh,https://image-anitabi.magiconch.com/user/0/bangumi/465493/points/duzl6dh-1777182467913.jpg,社区推测或局部相似，待现场核对
巡礼场景 · anitabi,筑别邮局,09-anitabi-scene-originals/alulys2-1770099399990.jpg,2048,1152,anitabi 社区场景资料,https://www.anitabi.cn/map?bangumiId=465493&pid=alulys2,https://image-anitabi.magiconch.com/user/2206/bangumi/465493/points/alulys2-1770099399990.jpg,游戏画面与现实建筑方向存在镜像差异；保存文件未翻转。
巡礼场景 · anitabi,羽幌町,09-anitabi-scene-originals/aj3f739-1769932792399.jpg,2048,1152,anitabi 社区场景资料,https://www.anitabi.cn/map?bangumiId=465493&pid=aj3f739,https://image-anitabi.magiconch.com/user/2206/bangumi/465493/points/aj3f739-1769932792399.jpg,社区考据；地点对应未获官方逐点确认
巡礼场景 · anitabi,羽幌町スポーツ公園,09-anitabi-scene-originals/gbhsrx9-1782533919010.jpg,1920,1080,anitabi 社区场景资料,https://www.anitabi.cn/map?bangumiId=465493&pid=gbhsrx9,"https://image-anitabi.magiconch.com/user/2208/bangumi/465493/points/gbhsrx9-1782533919010.jpg,jpg",
巡礼场景 · anitabi,苫前夕阳丘未来港公园,09-anitabi-scene-originals/45kzsdu_1756055080236.jpg,1920,1080,anitabi 社区场景资料,https://www.anitabi.cn/map?bangumiId=465493&pid=45kzsdu,https://image-anitabi.magiconch.com/points/465493/45kzsdu_1756055080236.jpg,
巡礼场景 · anitabi,苫前夕阳丘白色沙滩,09-anitabi-scene-originals/45mmtbe_1756057836311.jpg,1920,1080,anitabi 社区场景资料,https://www.anitabi.cn/map?bangumiId=465493&pid=45mmtbe,https://image-anitabi.magiconch.com/points/465493/45mmtbe_1756057836311.jpg,
巡礼场景 · anitabi,苫前夕陽ヶ丘風力発電所 ・ 風来望,09-anitabi-scene-originals/45mprd4_1756057975205.jpg,1920,1080,anitabi 社区场景资料,https://www.anitabi.cn/map?bangumiId=465493&pid=45mprd4,https://image-anitabi.magiconch.com/points/465493/45mprd4_1756057975205.jpg,社区推测或局部相似，待现场核对
巡礼场景 · anitabi,苫前町,09-anitabi-scene-originals/aj3p9sv-1769933266128.jpg,2048,1152,anitabi 社区场景资料,https://www.anitabi.cn/map?bangumiId=465493&pid=aj3p9sv,https://image-anitabi.magiconch.com/user/2206/bangumi/465493/points/aj3p9sv-1769933266128.jpg,
巡礼场景 · anitabi,苫前町,09-anitabi-scene-originals/alvo7e3-1770101165461.jpg,2048,1152,anitabi 社区场景资料,https://www.anitabi.cn/map?bangumiId=465493&pid=alvo7e3,https://image-anitabi.magiconch.com/user/2206/bangumi/465493/points/alvo7e3-1770101165461.jpg,
巡礼场景 · anitabi,苫前町乡土资料馆,09-anitabi-scene-originals/aj3chxn-1769932682727.jpg,2048,1152,anitabi 社区场景资料,https://www.anitabi.cn/map?bangumiId=465493&pid=aj3chxn,https://image-anitabi.magiconch.com/user/2206/bangumi/465493/points/aj3chxn-1769932682727.jpg,社区考据；地点对应未获官方逐点确认
巡礼场景 · anitabi,苫前町乡土资料馆,09-anitabi-scene-originals/h8sozp1-1784547605340.jpg,1920,1080,anitabi 社区场景资料,https://www.anitabi.cn/map?bangumiId=465493&pid=h8sozp1,https://image-anitabi.magiconch.com/user/2208/bangumi/465493/points/h8sozp1-1784547605340.jpg,社区考据；地点对应未获官方逐点确认
巡礼场景 · anitabi,苫前町水田発祥の地の碑,09-anitabi-scene-originals/gbzrvk9-1782564099845.jpg,1920,1080,anitabi 社区场景资料,https://www.anitabi.cn/map?bangumiId=465493&pid=gbzrvk9,"https://image-anitabi.magiconch.com/user/2208/bangumi/465493/points/gbzrvk9-1782564099845.jpg,jpg",
巡礼场景 · anitabi,苫前町郷土資料館,09-anitabi-scene-originals/45l3jqr_1756055253625.jpg,1920,1080,anitabi 社区场景资料,https://www.anitabi.cn/map?bangumiId=465493&pid=45l3jqr,https://image-anitabi.magiconch.com/points/465493/45l3jqr_1756055253625.jpg,
巡礼场景 · anitabi,苫前町郷土資料館,09-anitabi-scene-originals/3ww2h93_1755529962285.jpg,1450,2048,anitabi 社区场景资料,https://www.anitabi.cn/map?bangumiId=465493&pid=3ww2h93,https://image-anitabi.magiconch.com/points/465493/3ww2h93_1755529962285.jpg,
巡礼场景 · anitabi,苫前町郷土資料館,09-anitabi-scene-originals/gbigshk-1782535035690.jpg,1920,1080,anitabi 社区场景资料,https://www.anitabi.cn/map?bangumiId=465493&pid=gbigshk,"https://image-anitabi.magiconch.com/user/2208/bangumi/465493/points/gbigshk-1782535035690.jpg,jpg",
巡礼场景 · anitabi,豊岬海水浴場,09-anitabi-scene-originals/gbh9yad-1782533028646.jpg,1920,1080,anitabi 社区场景资料,https://www.anitabi.cn/map?bangumiId=465493&pid=gbh9yad,"https://image-anitabi.magiconch.com/user/2208/bangumi/465493/points/gbh9yad-1782533028646.jpg,jpg",
巡礼场景 · anitabi,道の駅 おびら鰊番屋,09-anitabi-scene-originals/45nk0bk_1756059389345.jpg,1280,720,anitabi 社区场景资料,https://www.anitabi.cn/map?bangumiId=465493&pid=45nk0bk,https://image-anitabi.magiconch.com/points/465493/45nk0bk_1756059389345.jpg,
巡礼场景 · anitabi,道の駅 風Wとままえ,09-anitabi-scene-originals/gbiazd7-1782534821385.jpg,1920,1080,anitabi 社区场景资料,https://www.anitabi.cn/map?bangumiId=465493&pid=gbiazd7,"https://image-anitabi.magiconch.com/user/2208/bangumi/465493/points/gbiazd7-1782534821385.jpg,jpg",社区考据；地点对应未获官方逐点确认
巡礼场景 · anitabi,風車の丘,09-anitabi-scene-originals/h8t2msf-1784548270488.jpg,1920,1080,anitabi 社区场景资料,https://www.anitabi.cn/map?bangumiId=465493&pid=h8t2msf,https://image-anitabi.magiconch.com/user/2208/bangumi/465493/points/h8t2msf-1784548270488.jpg,
巡礼场景 · anitabi,風車の丘,09-anitabi-scene-originals/h8t4dq0-1784548315944.jpg,1920,1080,anitabi 社区场景资料,https://www.anitabi.cn/map?bangumiId=465493&pid=h8t4dq0,https://image-anitabi.magiconch.com/user/2208/bangumi/465493/points/h8t4dq0-1784548315944.jpg,社区推测或局部相似，待现场核对
巡礼场景 · anitabi,風雪の塔,09-anitabi-scene-originals/dkswd6a-1776566446158.jpg,1185,879,anitabi 社区场景资料,https://www.anitabi.cn/map?bangumiId=465493&pid=dkswd6a,https://image-anitabi.magiconch.com/user/0/bangumi/465493/points/dkswd6a-1776566446158.jpg,
巡礼场景 · anitabi,风雪之塔,09-anitabi-scene-originals/dw8207f-1777257352004.jpg,1920,2354,anitabi 社区场景资料,https://www.anitabi.cn/map?bangumiId=465493&pid=dw8207f,https://image-anitabi.magiconch.com/user/0/bangumi/465493/points/dw8207f-1777257352004.jpg,
官方特典展示图,am_tokuten_book.jpg,10-official-bonus-previews/am_tokuten_book.jpg,960,465,官网特典展示图（可能含 SAMPLE 字样或商品版式）,https://key.visualarts.gr.jp/anemoi/shop_guide.html,https://key.visualarts.gr.jp/anemoi/common/image/am_tokuten_book.jpg?a,
官方特典展示图,am_tokuten_cd.jpg,10-official-bonus-previews/am_tokuten_cd.jpg,800,800,官网特典展示图（可能含 SAMPLE 字样或商品版式）,https://key.visualarts.gr.jp/anemoi/shop_guide.html,https://key.visualarts.gr.jp/anemoi/common/image/am_tokuten_cd.jpg?a,
官方特典展示图,am_tokuten_keyholder.jpg,10-official-bonus-previews/am_tokuten_keyholder.jpg,800,800,官网特典展示图（可能含 SAMPLE 字样或商品版式）,https://key.visualarts.gr.jp/anemoi/shop_guide.html,https://key.visualarts.gr.jp/anemoi/common/image/am_tokuten_keyholder.jpg?a,
官方特典展示图,am_tokuten_lycee_a.jpg,10-official-bonus-previews/am_tokuten_lycee_a.jpg,960,325,官网特典展示图（可能含 SAMPLE 字样或商品版式）,https://key.visualarts.gr.jp/anemoi/shop_guide.html,https://key.visualarts.gr.jp/anemoi/common/image/am_tokuten_lycee_a.jpg?1,
官方特典展示图,am_tokuten_sikisi.jpg,10-official-bonus-previews/am_tokuten_sikisi.jpg,800,800,官网特典展示图（可能含 SAMPLE 字样或商品版式）,https://key.visualarts.gr.jp/anemoi/shop_guide.html,https://key.visualarts.gr.jp/anemoi/common/image/am_tokuten_sikisi.jpg?a,
官方特典展示图,am_tokuten_sticker.jpg,10-official-bonus-previews/am_tokuten_sticker.jpg,800,800,官网特典展示图（可能含 SAMPLE 字样或商品版式）,https://key.visualarts.gr.jp/anemoi/shop_guide.html,https://key.visualarts.gr.jp/anemoi/common/image/am_tokuten_sticker.jpg?a,
官方特典展示图,am_tokuten_ws_a.jpg,10-official-bonus-previews/am_tokuten_ws_a.jpg,960,335,官网特典展示图（可能含 SAMPLE 字样或商品版式）,https://key.visualarts.gr.jp/anemoi/shop_guide.html,https://key.visualarts.gr.jp/anemoi/common/image/am_tokuten_ws_a.jpg?b,
官方特典展示图,shop_tokuten_1.jpg,10-official-bonus-previews/shop_tokuten_1.jpg,800,566,官网特典展示图（可能含 SAMPLE 字样或商品版式）,https://key.visualarts.gr.jp/anemoi/shop_guide.html,https://key.visualarts.gr.jp/anemoi/common/image/shop_tokuten_1.jpg,
官方特典展示图,shop_tokuten_2.jpg,10-official-bonus-previews/shop_tokuten_2.jpg,566,800,官网特典展示图（可能含 SAMPLE 字样或商品版式）,https://key.visualarts.gr.jp/anemoi/shop_guide.html,https://key.visualarts.gr.jp/anemoi/common/image/shop_tokuten_2.jpg,
官方特典展示图,shop_tokuten_3.jpg,10-official-bonus-previews/shop_tokuten_3.jpg,566,800,官网特典展示图（可能含 SAMPLE 字样或商品版式）,https://key.visualarts.gr.jp/anemoi/shop_guide.html,https://key.visualarts.gr.jp/anemoi/common/image/shop_tokuten_3.jpg,
官方特典展示图,shop_tokuten_4.jpg,10-official-bonus-previews/shop_tokuten_4.jpg,566,800,官网特典展示图（可能含 SAMPLE 字样或商品版式）,https://key.visualarts.gr.jp/anemoi/shop_guide.html,https://key.visualarts.gr.jp/anemoi/common/image/shop_tokuten_4.jpg,
官方特典展示图,shop_tokuten_5.jpg,10-official-bonus-previews/shop_tokuten_5.jpg,566,800,官网特典展示图（可能含 SAMPLE 字样或商品版式）,https://key.visualarts.gr.jp/anemoi/shop_guide.html,https://key.visualarts.gr.jp/anemoi/common/image/shop_tokuten_5.jpg,
官方特典展示图,shop_tokuten_alicenet.jpg,10-official-bonus-previews/shop_tokuten_alicenet.jpg,500,500,官网特典展示图（可能含 SAMPLE 字样或商品版式）,https://key.visualarts.gr.jp/anemoi/shop_guide.html,https://key.visualarts.gr.jp/anemoi/common/image/shop_tokuten_alicenet.jpg,
官方特典展示图,shop_tokuten_amiami.jpg,10-official-bonus-previews/shop_tokuten_amiami.jpg,600,600,官网特典展示图（可能含 SAMPLE 字样或商品版式）,https://key.visualarts.gr.jp/anemoi/shop_guide.html,https://key.visualarts.gr.jp/anemoi/common/image/shop_tokuten_amiami.jpg,
官方特典展示图,shop_tokuten_bookmate.jpg,10-official-bonus-previews/shop_tokuten_bookmate.jpg,506,506,官网特典展示图（可能含 SAMPLE 字样或商品版式）,https://key.visualarts.gr.jp/anemoi/shop_guide.html,https://key.visualarts.gr.jp/anemoi/common/image/shop_tokuten_bookmate.jpg,
官方特典展示图,shop_tokuten_ebten.jpg,10-official-bonus-previews/shop_tokuten_ebten.jpg,800,800,官网特典展示图（可能含 SAMPLE 字样或商品版式）,https://key.visualarts.gr.jp/anemoi/shop_guide.html,https://key.visualarts.gr.jp/anemoi/common/image/shop_tokuten_ebten.jpg?a,
官方特典展示图,shop_tokuten_fanza.jpg,10-official-bonus-previews/shop_tokuten_fanza.jpg,800,800,官网特典展示图（可能含 SAMPLE 字样或商品版式）,https://key.visualarts.gr.jp/anemoi/shop_guide.html,https://key.visualarts.gr.jp/anemoi/common/image/shop_tokuten_fanza.jpg,
官方特典展示图,shop_tokuten_furukawa.jpg,10-official-bonus-previews/shop_tokuten_furukawa.jpg,800,800,官网特典展示图（可能含 SAMPLE 字样或商品版式）,https://key.visualarts.gr.jp/anemoi/shop_guide.html,https://key.visualarts.gr.jp/anemoi/common/image/shop_tokuten_furukawa.jpg,
官方特典展示图,shop_tokuten_geestore2.jpg,10-official-bonus-previews/shop_tokuten_geestore2.jpg,500,420,官网特典展示图（可能含 SAMPLE 字样或商品版式）,https://key.visualarts.gr.jp/anemoi/shop_guide.html,https://key.visualarts.gr.jp/anemoi/common/image/shop_tokuten_geestore2.jpg,
官方特典展示图,shop_tokuten_getchu.jpg,10-official-bonus-previews/shop_tokuten_getchu.jpg,800,800,官网特典展示图（可能含 SAMPLE 字样或商品版式）,https://key.visualarts.gr.jp/anemoi/shop_guide.html,https://key.visualarts.gr.jp/anemoi/common/image/shop_tokuten_getchu.jpg,
官方特典展示图,shop_tokuten_medio.jpg,10-official-bonus-previews/shop_tokuten_medio.jpg,566,566,官网特典展示图（可能含 SAMPLE 字样或商品版式）,https://key.visualarts.gr.jp/anemoi/shop_guide.html,https://key.visualarts.gr.jp/anemoi/common/image/shop_tokuten_medio.jpg,
官方特典展示图,shop_tokuten_pcmk.jpg,10-official-bonus-previews/shop_tokuten_pcmk.jpg,757,757,官网特典展示图（可能含 SAMPLE 字样或商品版式）,https://key.visualarts.gr.jp/anemoi/shop_guide.html,https://key.visualarts.gr.jp/anemoi/common/image/shop_tokuten_pcmk.jpg,
官方特典展示图,shop_tokuten_prop.jpg,10-official-bonus-previews/shop_tokuten_prop.jpg,800,800,官网特典展示图（可能含 SAMPLE 字样或商品版式）,https://key.visualarts.gr.jp/anemoi/shop_guide.html,https://key.visualarts.gr.jp/anemoi/common/image/shop_tokuten_prop.jpg,
官方特典展示图,shop_tokuten_surugaya.jpg,10-official-bonus-previews/shop_tokuten_surugaya.jpg,800,800,官网特典展示图（可能含 SAMPLE 字样或商品版式）,https://key.visualarts.gr.jp/anemoi/shop_guide.html,https://key.visualarts.gr.jp/anemoi/common/image/shop_tokuten_surugaya.jpg,
官方特典展示图,shop_tokuten_takarajima.jpg,10-official-bonus-previews/shop_tokuten_takarajima.jpg,400,400,官网特典展示图（可能含 SAMPLE 字样或商品版式）,https://key.visualarts.gr.jp/anemoi/shop_guide.html,https://key.visualarts.gr.jp/anemoi/common/image/shop_tokuten_takarajima.jpg,
官方特典展示图,shop_tokuten_toranoana.jpg,10-official-bonus-previews/shop_tokuten_toranoana.jpg,800,800,官网特典展示图（可能含 SAMPLE 字样或商品版式）,https://key.visualarts.gr.jp/anemoi/shop_guide.html,https://key.visualarts.gr.jp/anemoi/common/image/shop_tokuten_toranoana.jpg,
官方特典展示图,shop_tokuten_trader.jpg,10-official-bonus-previews/shop_tokuten_trader.jpg,540,540,官网特典展示图（可能含 SAMPLE 字样或商品版式）,https://key.visualarts.gr.jp/anemoi/shop_guide.html,https://key.visualarts.gr.jp/anemoi/common/image/shop_tokuten_trader.jpg,
官方特典展示图,shop_tokuten_wondergoo.jpg,10-official-bonus-previews/shop_tokuten_wondergoo.jpg,740,740,官网特典展示图（可能含 SAMPLE 字样或商品版式）,https://key.visualarts.gr.jp/anemoi/shop_guide.html,https://key.visualarts.gr.jp/anemoi/common/image/shop_tokuten_wondergoo.jpg,
官方特典展示图,shop_tokuten_yumeoriya.jpg,10-official-bonus-previews/shop_tokuten_yumeoriya.jpg,900,900,官网特典展示图（可能含 SAMPLE 字样或商品版式）,https://key.visualarts.gr.jp/anemoi/shop_guide.html,https://key.visualarts.gr.jp/anemoi/common/image/shop_tokuten_yumeoriya.jpg,
官方周年插画,Key 25周年 / 辻倉朱比華 / Na-Ga,11-official-anniversary/gallery_11.jpg,600,837,Key 25周年官网,https://key.visualarts.gr.jp/key25th/#gallery,https://key.visualarts.gr.jp/key25th/common/image/gallery_11.jpg,
仅找到缩略图,苫前町 / 真澄町の道路① / 02,99-thumbnail-only/IMG_9267s.jpg,300,225,wing 巡礼实拍,https://vibgyor516.blog.fc2.com/blog-entry-93.html,https://blog-imgs-183.fc2.com/v/i/b/vibgyor516/IMG_9267s.jpg,仅网页缩略图，未取得大图
